YEAR,23,24,25,26,27,28,29,30,31,32,33,34,35,36,37,38,39,40,41,42,43,44,45
-48,0.11529,0.11167,0.107929,0.10455199999999999,0.100879,0.095787,0.08841399999999999,0.07919,0.07130299999999999,0.064999,0.059168,0.05259400000000001,0.045129,0.039001,0.034251,0.029952,0.025155,0.020022,0.015471,0.01239,0.009884,0.007203,0.0039759999999999995
-47,0.11455,0.110752,0.10684300000000001,0.10336,0.099661,0.094623,0.087379,0.078327,0.070582,0.064371,0.058591,0.052041,0.044589,0.038473,0.033742,0.029479,0.024742,0.019186,0.0152,0.012167,0.009704,0.007069,0.0038979999999999996
-46,0.113599,0.10956099999999999,0.105424,0.101797,0.09806000000000001,0.093091,0.086013,0.077187,0.069627,0.063538,0.057824,0.051309,0.043876,0.037775,0.03307,0.028855000000000002,0.024196000000000002,0.018359,0.01484,0.011871,0.009464,0.0068909999999999996,0.003795
-45,0.11216500000000001,0.10773599999999998,0.103227,0.099362,0.095557,0.090693,0.083869,0.07539,0.068118,0.062216999999999995,0.056608000000000006,0.050147000000000004,0.042749,0.036676,0.032013,0.027873000000000002,0.023337,0.01756,0.014269,0.011401999999999999,0.009082,0.006606,0.003628
-44,0.110126,0.105082,0.099985,0.095742,0.091822,0.087101,0.080652,0.072685,0.065838,0.06021699999999999,0.054765999999999995,0.048389999999999996,0.041047,0.035019999999999996,0.03042,0.026394,0.022039,0.016811000000000003,0.013401,0.010684,0.008496,0.006169,0.003372
-43,0.10390799999999999,0.098253,0.092584,0.088004,0.084061,0.07966799999999999,0.073885,0.06680599999999999,0.060705999999999996,0.05561900000000001,0.050555,0.044515,0.037508,0.031755,0.0274,0.023655000000000002,0.019672,0.015535,0.011855,0.009417,0.0074670000000000005,0.005406,0.002932
-42,0.102274,0.095904,0.089549,0.084516,0.080404,0.07611,0.070654,0.06403500000000001,0.058324,0.053502999999999995,0.048601,0.042668,0.035748,0.030066000000000002,0.025789999999999997,0.022161,0.018354,0.014834,0.010946,0.008654,0.0068379999999999995,0.0049310000000000005,0.002649
-41,0.101813,0.094826,0.087876,0.08243500000000001,0.078128,0.073826,0.06850099999999999,0.062095000000000004,0.056576,0.051902,0.047117,0.041295,0.034489,0.0289,0.024703,0.021157,0.017457,0.014118,0.010287000000000001,0.008083,0.0063560000000000005,0.004562,0.0024219999999999997
-40,0.10260899999999999,0.095012,0.087466,0.081592,0.077024,0.07257899999999999,0.067176,0.060722000000000005,0.05519299999999999,0.050552,0.045853,0.040173,0.033545,0.028104,0.024005000000000002,0.020526,0.016875,0.013406,0.00979,0.007625,0.005953,0.004243,0.0022170000000000002
-39,0.104572,0.096265,0.08802,0.08162,0.076687,0.071962,0.066286,0.059553999999999996,0.05384,0.049142,0.044519,0.039031,0.03267,0.027445999999999998,0.023484,0.020069999999999998,0.016436000000000003,0.012719,0.009334,0.007176999999999999,0.005543,0.00391,0.001995
-38,0.11108599999999999,0.10165,0.092287,0.085031,0.079465,0.074183,0.067893,0.060478,0.054254,0.049272,0.044557,0.039113999999999996,0.032862999999999996,0.027731,0.023803,0.020344,0.016588,0.012501,0.009179000000000001,0.006943,0.005287,0.0036780000000000003,0.001814
-37,0.113469,0.103373,0.09335700000000001,0.085596,0.07965499999999999,0.07403799999999999,0.067378,0.059561,0.053051999999999995,0.047948000000000005,0.043276,0.038015,0.032027999999999994,0.027119,0.023332,0.019944,0.01621,0.011879,0.008791,0.006562,0.0049380000000000005,0.003394,0.0016239999999999998
-36,0.11511400000000001,0.104571,0.094111,0.086005,0.079797,0.07393,0.066982,0.058842,0.052097000000000004,0.04688,0.042213,0.037051,0.031223,0.026455000000000003,0.022772,0.019459,0.015788,0.011302,0.008475,0.006282,0.004698,0.003208,0.001509
-35,0.116184,0.10533800000000001,0.094574,0.086227,0.079823,0.073757,0.066565,0.05814400000000001,0.051186,0.045847000000000006,0.041139999999999996,0.036003,0.030238,0.025542,0.021937,0.018723,0.015183000000000002,0.010773,0.008151,0.006044,0.004521,0.003087,0.001449
-34,0.116978,0.105879,0.094863,0.08631,0.079731,0.073473,0.06603400000000001,0.057322000000000005,0.050133,0.044645,0.039856,0.03468,0.028907,0.024234000000000002,0.0207,0.017622,0.014294999999999999,0.01029,0.007743000000000001,0.0057810000000000005,0.00435,0.002987,0.0014210000000000002
-33,0.119814,0.10826500000000001,0.09679700000000001,0.087885,0.08100700000000001,0.074433,0.066596,0.05741,0.049835000000000004,0.044073,0.039082,0.033732,0.027798000000000003,0.023035,0.019505,0.016536000000000002,0.013423,0.010028,0.007379999999999999,0.00557,0.004233,0.002933,0.001424
-32,0.12044,0.108694,0.09702899999999999,0.08795700000000001,0.080941,0.074213,0.066176,0.05675,0.048978,0.043074,0.037978,0.032539,0.026527999999999996,0.021733000000000002,0.01824,0.015394,0.012495000000000001,0.009621,0.006952,0.005295,0.004056000000000001,0.0028309999999999997,0.001398
-31,0.120991,0.109105,0.0973,0.088116,0.081011,0.074192,0.06604,0.056477,0.048588,0.042589999999999996,0.037409,0.031878,0.025772000000000003,0.020919999999999998,0.017422999999999998,0.014634999999999999,0.011856,0.009253,0.006608,0.005045,0.003875,0.002711,0.001347
-30,0.12161,0.10961199999999999,0.09769800000000001,0.088433,0.081273,0.074412,0.066218,0.056603,0.048664,0.04261,0.037353,0.031716,0.025483000000000002,0.020533000000000003,0.016986,0.014190000000000001,0.011439,0.008927,0.00629,0.00477,0.003646,0.002542,0.00125
-29,0.12241500000000001,0.11031099999999999,0.09829299999999999,0.08895499999999999,0.081759,0.074888,0.06669800000000001,0.057089999999999995,0.049144,0.043052999999999994,0.037715,0.031943,0.025537999999999998,0.020447,0.016801,0.013942,0.011145,0.008643999999999999,0.005940999999999999,0.0044280000000000005,0.0033380000000000003,0.002298,0.001098
-28,0.12654300000000002,0.114022,0.101595,0.091951,0.08454099999999999,0.077499,0.069127,0.059307000000000006,0.051172,0.044895,0.039329,0.033249,0.026470999999999998,0.021072999999999998,0.017203,0.014168,0.011205,0.008626,0.005717,0.004147,0.0030559999999999997,0.00206,0.0009339999999999999
-27,0.127298,0.114729,0.102255,0.092583,0.085165,0.078136,0.06979400000000001,0.060007000000000005,0.051886,0.045589,0.039955000000000004,0.033752,0.026813999999999998,0.021277,0.017297999999999997,0.014171000000000001,0.011114,0.008444,0.005459,0.003861,0.002782,0.001834,0.000782
-26,0.127771,0.115228,0.10278,0.093127,0.085725,0.078713,0.070386,0.060614999999999995,0.0525,0.046189,0.040513,0.034238,0.027204000000000002,0.021581,0.01753,0.01433,0.011187,0.008311,0.005368,0.0037310000000000004,0.0026449999999999998,0.001713,0.0006929999999999999
-25,0.127998,0.115558,0.10321099999999998,0.09363099999999999,0.086272,0.079276,0.07095499999999999,0.06118099999999999,0.053058,0.046737,0.041045,0.034744,0.027675,0.022015,0.017922,0.014662999999999999,0.011438,0.008204000000000001,0.005438,0.00375,0.002637,0.0016899999999999999,0.000657
-24,0.12803599999999998,0.11576099999999999,0.103575,0.09411,0.086812,0.079839,0.071514,0.061725999999999996,0.053591,0.047264999999999995,0.041578,0.035291,0.028237,0.022581999999999998,0.018469,0.015159,0.011845,0.008101,0.005639,0.0038880000000000004,0.002726,0.001738,0.000661
-23,0.12937,0.117128,0.104969,0.095513,0.088197,0.081169,0.07275,0.062841,0.054608000000000004,0.048219,0.042497,0.036188,0.029113999999999998,0.023434,0.019278,0.015891,0.012456,0.00807,0.0059700000000000005,0.004128,0.0028989999999999997,0.0018440000000000002,0.000691
-22,0.129077,0.116878,0.10476400000000001,0.09534,0.088045,0.08103400000000001,0.072634,0.062751,0.054547000000000005,0.048195999999999996,0.04253,0.036302,0.029327,0.023721000000000003,0.019601,0.01621,0.012740000000000001,0.007915,0.00615,0.004268,0.0030039999999999997,0.001912,0.000713
-21,0.128473,0.116093,0.103804,0.094261,0.08691499999999999,0.079913,0.071573,0.061785,0.053673,0.047416,0.041858,0.035772000000000005,0.028963,0.023489,0.019459,0.016125999999999998,0.012698000000000001,0.0077280000000000005,0.006167,0.004297,0.003034,0.001934,0.000725
-20,0.127384,0.114507,0.101738,0.091866,0.084364,0.077363,0.069146,0.059557000000000006,0.051639,0.045558999999999995,0.040195999999999996,0.03435,0.027823,0.022580000000000003,0.018721,0.01553,0.012246,0.007519,0.005987,0.00419,0.00297,0.0019010000000000001,0.000721
-19,0.125796,0.11203800000000001,0.098416,0.08795700000000001,0.080175,0.073158,0.06513200000000001,0.05586,0.048248,0.042448,0.037385,0.031908,0.025809,0.020919999999999998,0.017333,0.014383000000000002,0.011358,0.007312000000000001,0.005599,0.003942,0.0028120000000000003,0.001813,0.000704
-18,0.11814000000000001,0.10388599999999999,0.089801,0.079073,0.071282,0.064559,0.05712999999999999,0.048668,0.041779000000000004,0.036587,0.032119999999999996,0.027342,0.022047,0.017816,0.014733000000000001,0.012218999999999999,0.009664,0.006781000000000001,0.0048189999999999995,0.003423,0.002463,0.001605,0.0006450000000000001
-17,0.11651600000000001,0.101353,0.086388,0.07505099999999999,0.066965,0.060215,0.052966,0.044808,0.038216,0.0333,0.029127999999999998,0.024717,0.019851,0.015978,0.013175,0.010917,0.008645,0.006534999999999999,0.004359,0.003123,0.0022670000000000004,0.001491,0.0006190000000000001
-16,0.11476700000000001,0.099234,0.083914,0.072336,0.064144,0.057412,0.050282,0.04231,0.035894999999999996,0.031142000000000003,0.02715,0.022965,0.018366999999999998,0.014719999999999999,0.012095999999999999,0.010008,0.007927,0.00624,0.004025,0.0029,0.002117,0.001402,0.000595
-15,0.112068,0.09689099999999999,0.08192,0.07059700000000001,0.062569,0.055945,0.048905000000000004,0.041025,0.034685,0.029997000000000003,0.026077999999999997,0.021988999999999998,0.017509,0.013965,0.011431,0.009433,0.007464,0.005927,0.0037890000000000003,0.002732,0.001998,0.001326,0.000567
-14,0.10788900000000001,0.093812,0.079913,0.06936,0.061783000000000005,0.055379,0.048431,0.040587,0.034251,0.029556,0.02563,0.021539,0.017065,0.013534000000000001,0.011021,0.009061,0.007147,0.005647,0.0036009999999999996,0.002587,0.0018850000000000002,0.001248,0.000531
-13,0.08974800000000001,0.078855,0.06808,0.05984,0.053785,0.048447000000000004,0.042455,0.035597000000000004,0.030021,0.025867,0.022379,0.018741,0.014766,0.011634,0.009415999999999999,0.007703,0.0060490000000000006,0.004758,0.003005,0.0021420000000000002,0.00155,0.0010199999999999999,0.00042699999999999997
-12,0.085609,0.076031,0.066539,0.05921799999999999,0.053697,0.048612,0.042711,0.03587,0.030271,0.026076,0.022531,0.01882,0.014766,0.011573,0.009318,0.007589,0.005935,0.0046240000000000005,0.0029059999999999997,0.002053,0.001475,0.000964,0.000394
-11,0.082616,0.074084,0.065611,0.059022000000000005,0.05393,0.049054,0.043237,0.036420999999999995,0.030812,0.026579000000000002,0.022969,0.019163999999999997,0.014997,0.011713,0.009398,0.007629,0.005944,0.004563,0.002874,0.002013,0.0014349999999999999,0.0009310000000000001,0.00037200000000000004
-10,0.08037000000000001,0.07274299999999999,0.065153,0.059202,0.05449,0.049812,0.044095,0.037332,0.031733,0.027464999999999996,0.023774,0.01984,0.01551,0.012091,0.009679,0.007837,0.006086,0.00458,0.002904,0.002017,0.0014269999999999999,0.000918,0.000357
-9,0.078342,0.071654,0.064982,0.059697,0.055390999999999996,0.050937,0.04535,0.038676,0.033108,0.028807999999999997,0.025013999999999998,0.020901,0.016342,0.012731000000000001,0.010176000000000001,0.008222,0.006365999999999999,0.004679,0.002996,0.00206,0.001444,0.0009199999999999999,0.00034500000000000004
-8,0.073031,0.0676,0.062162,0.057793,0.054096000000000005,0.050076,0.044881,0.038603,0.033320999999999996,0.029176,0.02543,0.021291,0.016666,0.012988,0.010375,0.008371,0.006462000000000001,0.00465,0.0029980000000000002,0.002041,0.001415,0.0008900000000000001,0.00032
-7,0.071575,0.066927,0.062255,0.058444,0.05509,0.051267999999999994,0.046199000000000004,0.040014999999999995,0.034774,0.030607,0.026766,0.022459,0.017616,0.013751,0.010994,0.008868000000000001,0.006834999999999999,0.004914,0.003139,0.0021190000000000002,0.001458,0.000908,0.000314
-6,0.070363,0.066363,0.062326,0.058977,0.055912,0.05226,0.047306,0.041214,0.036019999999999996,0.031847,0.027943,0.023515,0.018511,0.014505,0.011632,0.009396999999999999,0.007242,0.005258,0.0033060000000000003,0.002218,0.001516,0.0009369999999999999,0.000314
-5,0.069053,0.065723,0.062341999999999995,0.059474,0.056709,0.053242,0.048422,0.042443,0.037317,0.033157,0.029211,0.024689,0.019554,0.015425,0.012443000000000001,0.010088,0.007784,0.005667,0.003542,0.002366,0.0016079999999999998,0.000986,0.00032
-4,0.06738,0.06487799999999999,0.062308,0.060033,0.05764400000000001,0.054412,0.049766000000000005,0.043945,0.038915,0.034787,0.030807,0.026192,0.020923,0.016663999999999998,0.013552000000000002,0.011045999999999999,0.008544,0.006122,0.0038840000000000003,0.002584,0.0017469999999999999,0.001064,0.000334
-3,0.06476599999999999,0.063248,0.061642999999999996,0.060079999999999995,0.058151999999999995,0.055228,0.050839999999999996,0.045267,0.040409,0.036364999999999995,0.032392000000000004,0.027721,0.022354,0.017991,0.014763,0.012101,0.009387999999999999,0.006542,0.0042710000000000005,0.002836,0.0019100000000000002,0.0011560000000000001,0.00035299999999999996
-2,0.063104,0.062386000000000004,0.061567,0.060579999999999995,0.059022000000000005,0.056338,0.052141,0.046744,0.042004,0.038004,0.034006,0.029251999999999997,0.023758,0.019269,0.015915000000000002,0.013103,0.010191,0.007049,0.004651,0.003091,0.0020800000000000003,0.001257,0.00037999999999999997
-1,0.06167,0.061598,0.061412,0.060894000000000004,0.059645000000000004,0.057173,0.05316,0.047944,0.043325999999999996,0.039377999999999996,0.035366,0.030539,0.024934,0.020337,0.016877,0.013940000000000001,0.010870999999999999,0.007566,0.0049960000000000004,0.003334,0.0022530000000000002,0.001366,0.00041900000000000005
0,0.060174,0.060719,0.06114,0.061076,0.060133000000000006,0.057892,0.054096000000000005,0.049102999999999994,0.044642,0.040764999999999996,0.036743,0.03184,0.026112,0.021398,0.017830000000000002,0.014775,0.011557,0.008075,0.005376,0.003618,0.0024649999999999997,0.001507,0.000479
1,0.058388999999999996,0.059638,0.060751,0.061209000000000006,0.060627999999999994,0.058668,0.055152,0.050450999999999996,0.046198,0.042418,0.038387,0.033386,0.027505,0.022644,0.018944,0.015753,0.012371,0.008551999999999999,0.00585,0.0039840000000000006,0.002746,0.0017,0.000567
2,0.054748000000000005,0.056714,0.058539,0.05954400000000001,0.05937100000000001,0.057776999999999995,0.054673,0.050436,0.046539,0.042977,0.039055,0.034091,0.028208999999999998,0.023327,0.019592,0.016347,0.01289,0.008715,0.006202,0.004277,0.002983,0.00187,0.000653
3,0.053413,0.055949,0.058335000000000005,0.059762,0.059881,0.058513,0.05563099999999999,0.051626,0.047891,0.044400999999999996,0.040461000000000004,0.035404000000000005,0.029381,0.024367,0.020516999999999997,0.017158,0.013567,0.009085,0.006606999999999999,0.004595,0.003229,0.002041,0.000732
4,0.05280700000000001,0.055679,0.058396,0.060069000000000004,0.060351,0.0591,0.056323000000000005,0.052422,0.048755,0.045287,0.041323,0.0362,0.030081999999999998,0.024984,0.021063,0.017634999999999998,0.013966,0.009393,0.006846,0.004784,0.0033759999999999997,0.0021420000000000002,0.00078
5,0.052911,0.055930999999999995,0.058789999999999995,0.060563,0.0609,0.059664999999999996,0.056875999999999996,0.052949,0.049253,0.045754,0.041753,0.03658,0.030402,0.025254,0.021294999999999998,0.017835,0.014131999999999999,0.009631,0.006945999999999999,0.004863,0.003438,0.0021850000000000003,0.0008
6,0.053622,0.056664,0.05954299999999999,0.061318,0.061628999999999996,0.060329999999999995,0.057432000000000004,0.053364999999999996,0.049553,0.045974,0.041914,0.036695,0.030473,0.025294,0.021317,0.017849,0.014140999999999999,0.009797,0.006952,0.004867,0.0034409999999999996,0.002187,0.0008
7,0.05531900000000001,0.058352999999999995,0.061216999999999994,0.062962,0.063205,0.061775,0.058672,0.054346000000000005,0.050317,0.046581,0.042404000000000004,0.037077,0.030748,0.025490000000000002,0.021461,0.017957,0.014219999999999998,0.010005,0.006981,0.004884,0.0034509999999999996,0.002191,0.000798
8,0.056333,0.059309,0.062112,0.063797,0.063966,0.062426999999999996,0.059163,0.054639,0.050450999999999996,0.046609,0.042369,0.037002999999999994,0.030647000000000004,0.025375,0.021344,0.017847,0.014126,0.010054,0.006924,0.004839,0.0034159999999999998,0.002166,0.000785
9,0.057180999999999996,0.060104,0.062851,0.064481,0.064586,0.062953,0.059552,0.054859000000000005,0.050536000000000005,0.046606,0.042314,0.036917,0.030541000000000002,0.025261000000000002,0.021228999999999998,0.017741999999999997,0.014036000000000002,0.010064,0.00687,0.004796,0.0033829999999999997,0.002143,0.000773
10,0.057986,0.060862,0.063559,0.06514,0.065184,0.06346,0.059926,0.05506799999999999,0.050613,0.046596,0.042253,0.036828,0.030433999999999996,0.025144999999999997,0.021116,0.017637,0.013947,0.010039,0.006818,0.004756,0.0033520000000000004,0.002121,0.000763
11,0.058897000000000005,0.061729,0.064376,0.06590800000000001,0.065885,0.064057,0.060368,0.05531900000000001,0.050710000000000005,0.046592,0.042191,0.036731,0.030314999999999998,0.025016999999999998,0.020988999999999997,0.017519999999999997,0.013848,0.009984999999999999,0.0067599999999999995,0.004712,0.0033179999999999998,0.002098,0.0007509999999999999
12,0.060426,0.063236,0.065857,0.067347,0.067249,0.065287,0.061388,0.056076999999999995,0.051252,0.046981999999999996,0.042476,0.036931,0.030436,0.025082,0.02102,0.017535,0.013852000000000001,0.009991,0.006753,0.004703,0.0033090000000000003,0.002089,0.000745
13,0.06129,0.064064,0.06664400000000001,0.068091,0.067932,0.065871,0.061823,0.056326,0.051351,0.046984,0.042421,0.036842,0.030325,0.024962,0.020901,0.017425,0.013759,0.009904999999999999,0.006698999999999999,0.0046619999999999995,0.003278,0.002068,0.000734
14,0.06199299999999999,0.064737,0.067285,0.06869600000000001,0.068485,0.066342,0.062172000000000005,0.056524,0.051426,0.046978,0.042368,0.036762,0.030229000000000002,0.024858,0.020798,0.017331,0.013680000000000001,0.009815,0.006653,0.004627,0.003251,0.00205,0.000725
15,0.062687,0.065399,0.067912,0.069287,0.069024,0.066799,0.06250499999999999,0.056705,0.051485,0.046957,0.042301,0.036670999999999995,0.030122000000000003,0.024746,0.020687999999999998,0.017230000000000002,0.013595,0.00972,0.006603,0.004589,0.003222,0.002029,0.000715
16,0.063519,0.066191,0.068661,0.069989,0.069663,0.067338,0.062895,0.056911,0.051542,0.046919,0.042207999999999996,0.036548000000000004,0.029981999999999998,0.024600999999999998,0.020548,0.017100999999999998,0.013487,0.009621,0.006540000000000001,0.004541,0.003184,0.002002,0.000701
17,0.064921,0.067563,0.069996,0.071276,0.070872,0.068413,0.063764,0.057521,0.051941999999999995,0.047174,0.042368,0.036636,0.030008,0.024586,0.020511,0.017057,0.013444,0.00958,0.0065060000000000005,0.004511,0.00316,0.001984,0.0006900000000000001
18,0.06575,0.06834900000000001,0.070737,0.071969,0.071502,0.068941,0.064141,0.057713,0.051986000000000004,0.047120999999999996,0.042261,0.0365,0.029858,0.024432,0.020362,0.016922,0.013328999999999999,0.009479000000000001,0.00644,0.00446,0.003121,0.001957,0.000676
19,0.06643099999999999,0.068994,0.07134299999999999,0.072535,0.072013,0.069369,0.064445,0.057864,0.052013,0.047069,0.042163,0.036381000000000004,0.029726999999999996,0.024298,0.020233,0.016805,0.013231,0.00938,0.006383,0.004417,0.003088,0.001934,0.000665
20,0.067101,0.069629,0.071938,0.073089,0.072513,0.069785,0.064737,0.058001,0.052027,0.047002999999999996,0.042054,0.036249,0.029585000000000004,0.024155000000000003,0.020097,0.016682,0.013129,0.009281999999999999,0.006326,0.004374,0.0030559999999999997,0.001912,0.000654
21,0.067905,0.070387,0.072648,0.073749,0.073107,0.07027699999999999,0.065077,0.05815599999999999,0.052032,0.046912,0.041911000000000004,0.036081,0.029407,0.023976,0.019926,0.016528,0.013000999999999999,0.009182,0.006255,0.004321,0.003016,0.0018850000000000002,0.000641
22,0.069199,0.071641,0.07385599999999999,0.074903,0.074181,0.071215,0.065809,0.058632000000000004,0.0523,0.047041,0.041951999999999996,0.036062000000000004,0.029341000000000002,0.023883,0.019823,0.016428,0.012913999999999998,0.009125,0.006202,0.00428,0.002984,0.0018620000000000002,0.000629
23,0.069997,0.072393,0.074559,0.075555,0.074766,0.071699,0.06614199999999999,0.058776999999999996,0.052296,0.046941000000000004,0.0418,0.035885,0.029155,0.023697,0.019646,0.01627,0.012782,0.009022,0.006129,0.004226,0.002944,0.001835,0.000616
24,0.070654,0.073011,0.075134,0.076088,0.075244,0.07209199999999999,0.06640900000000001,0.05889,0.052285000000000005,0.046851,0.041667,0.035733,0.028995,0.023538999999999997,0.019497,0.016136,0.012671,0.008922,0.006067,0.0041789999999999996,0.002908,0.001811,0.000605
25,0.071305,0.073622,0.07570299999999999,0.076612,0.075712,0.072475,0.066666,0.058991999999999996,0.052264,0.046749,0.041525,0.035572,0.028829,0.023375,0.019341999999999998,0.015997,0.012555,0.008819,0.006002,0.00413,0.0028710000000000003,0.0017850000000000001,0.000593
26,0.072086,0.074352,0.07638099999999999,0.077238,0.076269,0.07292799999999999,0.066966,0.05910599999999999,0.052228,0.046619,0.041344,0.03537,0.028620999999999997,0.023171999999999998,0.01915,0.015825,0.012411,0.008712000000000001,0.005921,0.004068,0.0028239999999999997,0.0017530000000000002,0.0005769999999999999
27,0.073303,0.075521,0.07749400000000001,0.078291,0.077238,0.07376100000000001,0.067595,0.05948,0.052397000000000006,0.046652,0.041296,0.035273,0.028491000000000002,0.023025,0.019001,0.015685,0.012291,0.008636,0.005848,0.004011,0.002781,0.001721,0.0005610000000000001
28,0.074076,0.07624299999999999,0.078164,0.078907,0.077785,0.074205,0.067886,0.059584000000000005,0.052351999999999996,0.046512,0.041107,0.035063,0.028276999999999997,0.022817,0.018805000000000002,0.01551,0.012145999999999999,0.008525,0.005765,0.003949,0.0027329999999999998,0.0016879999999999998,0.000545
29,0.074706,0.07683200000000001,0.078708,0.079407,0.07822899999999999,0.074562,0.068118,0.059661,0.05230599999999999,0.046388,0.040943,0.034884,0.028095,0.022640999999999998,0.018641,0.015363,0.012023,0.008414,0.005697,0.003897,0.002694,0.001661,0.000532
30,0.075323,0.077408,0.07923999999999999,0.07989500000000001,0.07866000000000001,0.074908,0.068337,0.059726,0.052247,0.046252999999999996,0.040768,0.034696,0.027906,0.022459,0.018472,0.015213999999999998,0.011899,0.008302,0.005628,0.0038450000000000003,0.0026550000000000002,0.0016350000000000002,0.0005200000000000001
31,0.07606,0.078095,0.079873,0.080474,0.079172,0.075316,0.068592,0.05979400000000001,0.052167,0.046079,0.040548,0.034459,0.027672000000000002,0.022234,0.018264,0.015028,0.011747,0.008187,0.0055439999999999994,0.003783,0.0026079999999999996,0.001603,0.000505
32,0.077149,0.07913099999999999,0.08085099999999999,0.08139,0.080002,0.076012,0.069088,0.06004299999999999,0.05221699999999999,0.046,0.040398,0.034274,0.027469,0.02203,0.018067,0.014851,0.011598,0.008094,0.0054600000000000004,0.0037189999999999996,0.00256,0.0015689999999999999,0.000488
33,0.077891,0.079822,0.081488,0.081971,0.080513,0.076417,0.069339,0.060104,0.052127,0.045814999999999995,0.040166,0.034027999999999996,0.027225,0.021796,0.017851,0.014659,0.01144,0.007981,0.005374,0.003655,0.002512,0.001537,0.00047300000000000006
34,0.07851699999999999,0.080404,0.082022,0.082458,0.080942,0.076757,0.069547,0.060150999999999996,0.052048000000000004,0.045656,0.039968000000000004,0.033816000000000006,0.027014999999999997,0.021596,0.017666,0.014494,0.011304,0.007872,0.005299,0.003599,0.00247,0.001508,0.00045999999999999996
35,0.079153,0.080993,0.082562,0.08295,0.081373,0.077097,0.069755,0.060196000000000006,0.051963,0.045491000000000004,0.039762,0.033598,0.026799,0.02139,0.017475,0.014324000000000002,0.011163,0.007768000000000001,0.005221,0.0035399999999999997,0.002426,0.001478,0.00044500000000000003
36,0.079917,0.081701,0.08321,0.083538,0.081888,0.07750399999999999,0.070002,0.060249000000000004,0.05186,0.045291000000000005,0.039514,0.033333999999999996,0.026538,0.02114,0.017243,0.014119,0.010992,0.007669,0.005125,0.003468,0.002372,0.001441,0.00042800000000000005
37,0.081014,0.082738,0.084182,0.084444,0.082705,0.078184,0.070479,0.060475,0.051886,0.045188,0.03934,0.033125,0.026313,0.020913,0.017025,0.013921000000000001,0.010826,0.007599,0.005029,0.0033950000000000004,0.002316,0.001402,0.000408
38,0.081701,0.083376,0.084768,0.084978,0.083174,0.078556,0.07070900000000001,0.060532,0.051805,0.04502,0.039129000000000004,0.032898000000000004,0.026087,0.020696,0.016822999999999998,0.013741,0.010676999999999999,0.007520999999999999,0.004946,0.003332,0.002268,0.001369,0.000393
39,0.082148,0.08379400000000001,0.08515299999999999,0.08533099999999999,0.08348799999999999,0.078809,0.070873,0.060586,0.051772000000000006,0.044932,0.039013,0.03277,0.025957,0.020571000000000002,0.016706,0.013636,0.01059,0.00746,0.004896,0.0032939999999999996,0.002239,0.00135,0.000383
40,0.08241699999999999,0.084049,0.08539400000000001,0.085556,0.083692,0.07898200000000001,0.070998,0.060653,0.051789999999999996,0.04492,0.038982,0.03273,0.025912,0.020524,0.016659999999999998,0.013595,0.010555,0.0074140000000000005,0.004875,0.003278,0.002227,0.001341,0.000379
41,0.082592,0.084221,0.085564,0.085722,0.08385,0.079123,0.071116,0.060740999999999996,0.051854,0.044966000000000006,0.039017,0.032755,0.025927999999999996,0.020531999999999998,0.016663999999999998,0.013597,0.010555,0.007382,0.004874,0.0032770000000000004,0.002226,0.0013390000000000001,0.00037799999999999997
42,0.08291699999999999,0.084553,0.085901,0.08606,0.08418099999999999,0.079437,0.071399,0.060985000000000004,0.052064,0.045149,0.039177,0.032889999999999996,0.026033999999999998,0.020617,0.016734,0.013654,0.0106,0.007378,0.004895,0.0032909999999999997,0.002235,0.0013460000000000002,0.000379
43,0.083011,0.084652,0.086006,0.086167,0.084288,0.079542,0.07149900000000001,0.061076,0.052148,0.045226999999999996,0.039245999999999996,0.032951,0.026086,0.020659,0.016769,0.013684,0.010623,0.007369,0.004906000000000001,0.0032990000000000003,0.002241,0.001349,0.00037999999999999997
44,0.08308,0.084726,0.08608400000000001,0.086248,0.08437,0.079622,0.071576,0.061148,0.052216,0.045291000000000005,0.039305,0.033003,0.026128,0.020694999999999998,0.016799,0.01371,0.010643000000000001,0.007367,0.004915999999999999,0.0033060000000000003,0.002246,0.001353,0.00038199999999999996
45,0.083151,0.0848,0.086161,0.086327,0.084449,0.0797,0.071649,0.061216,0.052278,0.045348,0.039356999999999996,0.033048,0.026166000000000002,0.020725999999999998,0.016826,0.013731,0.010661,0.007370999999999999,0.004925,0.003312,0.002251,0.001355,0.000383
46,0.083242,0.084895,0.086259,0.086426,0.084547,0.07979299999999999,0.07173500000000001,0.06129299999999999,0.052346000000000004,0.045409,0.039412,0.033095,0.026204,0.020756999999999998,0.016850999999999998,0.013753,0.010678,0.007379999999999999,0.004933,0.0033179999999999998,0.002254,0.0013570000000000001,0.000384
47,0.083504,0.085163,0.086531,0.0867,0.084815,0.08004700000000001,0.071964,0.061489999999999996,0.052516,0.045558,0.039541,0.033204000000000004,0.026291000000000002,0.020826,0.016908000000000003,0.013798,0.010714,0.007403,0.00495,0.003329,0.002262,0.001362,0.00038500000000000003
48,0.083599,0.085259,0.08663,0.0868,0.084913,0.080139,0.072047,0.061561000000000005,0.052577,0.045610000000000005,0.039587,0.033242,0.026322,0.020850999999999998,0.016928,0.013815000000000001,0.010726000000000001,0.007415000000000001,0.004956,0.003333,0.0022649999999999997,0.001363,0.000386
49,0.083672,0.08533400000000001,0.08670499999999999,0.086875,0.084986,0.080208,0.072109,0.061614,0.052622,0.045649,0.039620999999999996,0.033270999999999995,0.026344,0.020869,0.016942,0.013827,0.010736,0.007428,0.00496,0.003336,0.0022670000000000004,0.001364,0.000386
50,0.083733,0.085396,0.086768,0.086938,0.085048,0.08026699999999999,0.072162,0.061658000000000004,0.052660000000000005,0.045682,0.039649000000000004,0.033295,0.026363,0.020883000000000002,0.016954,0.013836000000000001,0.010743,0.007442,0.004964,0.0033380000000000003,0.002269,0.0013650000000000001,0.00038700000000000003
